{
  "version": 1,
  "author": "AFarras Abdillah Fauzan",
  "editor": "wokwi",
  "parts": [
    { "type": "wokwi-breadboard-half", "id": "bb1", "top": 285, "left": 166, "attrs": {} },
    { "type": "board-esp32-devkit-c-v4", "id": "esp", "top": 0, "left": 0, "attrs": {} },
    { "type": "wokwi-dht22", "id": "dht1", "top": 144.3, "left": -207, "attrs": {} },
    { "type": "wokwi-led", "id": "led1", "top": 63.6, "left": 291.8, "attrs": { "color": "red" } },
    {
      "type": "wokwi-led",
      "id": "led2",
      "top": 63.6,
      "left": 157.4,
      "attrs": { "color": "limegreen" }
    },
    {
      "type": "wokwi-led",
      "id": "led3",
      "top": 63.6,
      "left": 224.6,
      "attrs": { "color": "yellow" }
    },
    { "type": "wokwi-relay-module", "id": "relay1", "top": -76.6, "left": -220.8, "attrs": {} },
    {
      "type": "wokwi-resistor",
      "id": "r1",
      "top": 148.8,
      "left": 210.65,
      "rotate": 90,
      "attrs": { "value": "220000" }
    },
    {
      "type": "wokwi-resistor",
      "id": "r2",
      "top": 147.95,
      "left": 144,
      "rotate": 90,
      "attrs": { "value": "220000" }
    },
    {
      "type": "wokwi-resistor",
      "id": "r3",
      "top": 148.8,
      "left": 277.85,
      "rotate": 90,
      "attrs": { "value": "220000" }
    },
    {
      "type": "wokwi-buzzer",
      "id": "bz1",
      "top": -26.4,
      "left": 385.8,
      "attrs": { "volume": "0.1" }
    },
    {
      "type": "wokwi-resistor",
      "id": "r4",
      "top": 148.8,
      "left": 383.45,
      "rotate": 90,
      "attrs": { "value": "100000" }
    }
  ],
  "connections": [
    [ "esp:TX", "$serialMonitor:RX", "", [] ],
    [ "esp:RX", "$serialMonitor:TX", "", [] ],
    [ "esp:5V", "bb1:tp.2", "red", [ "h0" ] ],
    [ "bb1:tn.2", "bb1:3t.a", "green", [ "v0" ] ],
    [ "bb1:tp.3", "bb1:4t.b", "green", [ "v0" ] ],
    [ "dht1:VCC", "bb1:4t.e", "red", [ "v0" ] ],
    [ "dht1:GND", "bb1:3t.d", "black", [ "v0" ] ],
    [ "dht1:SDA", "esp:27", "green", [ "v28.8", "h48.1", "v-153.6" ] ],
    [ "relay1:VCC", "bb1:4t.c", "red", [ "h-57.6", "v278.4" ] ],
    [ "relay1:GND", "bb1:3t.b", "black", [ "h-38.4", "v258.8" ] ],
    [ "relay1:IN", "esp:25", "green", [ "h-19.2", "v38.2", "h105.6", "v38.4" ] ],
    [ "led2:A", "esp:5", "green", [ "v0" ] ],
    [ "led2:C", "r2:1", "green", [ "v0" ] ],
    [ "r2:2", "bb1:tn.6", "green", [ "h-0.55", "v47.65", "h-126.4" ] ],
    [ "led3:A", "esp:26", "green", [ "h19.2", "v-124.8", "h-278.4", "v134.4" ] ],
    [ "led3:C", "r1:1", "green", [ "v0" ] ],
    [ "r1:2", "bb1:tn.7", "green", [ "v37.2", "h-184" ] ],
    [ "led1:A", "esp:12", "green", [ "h19.2", "v-134.4", "h-374.4", "v172.8" ] ],
    [ "led1:C", "r3:1", "green", [ "v0" ] ],
    [ "r3:2", "bb1:tn.8", "green", [ "v56.4", "h-241.6" ] ],
    [ "bz1:2", "esp:33", "green", [ "v48", "h38", "v-201.6", "h-527.2", "v134.4" ] ],
    [ "bz1:1", "r4:1", "green", [ "v0" ] ],
    [ "r4:2", "bb1:tn.9", "green", [ "v66", "h-336", "v38.5" ] ],
    [ "esp:CMD", "bb1:tn.1", "green", [ "h0" ] ]
  ],
  "dependencies": {}
}