{
  "version": 1,
  "author": "Farras Abdillah Fauzan",
  "editor": "wokwi",
  "parts": [
    { "type": "wokwi-breadboard-mini", "id": "bb1", "top": 152.2, "left": -204, "attrs": {} },
    { "type": "board-esp32-devkit-c-v4", "id": "esp", "top": 355.2, "left": -148.76, "attrs": {} },
    { "type": "wokwi-relay-module", "id": "relay1", "top": 201.8, "left": 38.4, "attrs": {} },
    { "type": "wokwi-dht22", "id": "dht1", "top": -18.9, "left": -120.6, "attrs": {} },
    {
      "type": "wokwi-photoresistor-sensor",
      "id": "ldr1",
      "top": 185.6,
      "left": -440.8,
      "attrs": {}
    }
  ],
  "connections": [
    [ "esp:TX", "$serialMonitor:RX", "", [] ],
    [ "esp:RX", "$serialMonitor:TX", "", [] ],
    [ "esp:5V", "bb1:14t.d", "red", [ "h-28.65", "v-67.2" ] ],
    [ "bb1:14t.e", "bb1:14b.f", "green", [ "v0" ] ],
    [ "dht1:VCC", "bb1:14t.a", "red", [ "v0" ] ],
    [ "esp:GND.1", "bb1:10t.c", "black", [ "h-19.05", "v-28.8" ] ],
    [ "bb1:10t.e", "bb1:10b.f", "green", [ "v0" ] ],
    [ "dht1:GND", "bb1:10t.a", "black", [ "v9.6", "h-38.4" ] ],
    [ "dht1:SDA", "esp:15", "green", [ "v19.2", "h240.1", "v182.4" ] ],
    [ "relay1:VCC", "bb1:14b.j", "red", [ "h0" ] ],
    [ "relay1:GND", "bb1:10b.j", "black", [ "h0" ] ],
    [ "relay1:IN", "esp:D2", "green", [ "v-86.6", "h19.05" ] ],
    [ "ldr1:VCC", "bb1:8b.f", "red", [ "h0" ] ],
    [ "bb1:14b.g", "bb1:8b.g", "green", [ "v0" ] ],
    [ "bb1:10t.b", "bb1:6t.b", "green", [ "v0" ] ],
    [ "ldr1:AO", "esp:34", "green", [ "h124.8", "v56.9" ] ],
    [ "ldr1:GND", "bb1:6t.a", "black", [ "h0" ] ]
  ],
  "dependencies": {}
}